{
    "loss_weight_min": 0.0003124148150438097,
    "loss_weight_le_p25": 0.005558939923654274,
    "loss_weight_le_p75": 0.004704876122420355,
    "loss_weight_le_p95": 0.0016835880710897588,
    "loss_weight_le_p99": 0.00044755769836605613,
    "loss_weight_le_p99_9": 0.027184799839433723,
    "loss_weight_le_p99_99": 0.00025495715639852975,
    "loss_weight_le_p99_999": 0.00012657196328259667,
    "loss_weight_gt_p99_999": 0.01605140824592384
}
